license_number,company_name,company_dba,license_classification,issued_date,naics_code,naics_name,predirection,address_line1,address_line2,street_type,postdirection,unit_suite,city,state,postal_code,address_concat,address_api,longitude,latitude,disinvested_neighborhood,council_district,npu
LGB-110025-2020,TARGET CORPORATION,TARGET STORE T-1964,Retail Trade,2025-04-03 14:49:43,452319,All Other General Merchandise Stores,,1275,CAROLINE,ST,NE,,ATLANTA,GA,30307,1275 CAROLINE ST ATLANTA GA 30307,"1275 Caroline St NE, Atlanta, Georgia, 30307",-84.34610318,33.7567622,FALSE,District 5,O
LGB-129731-2020,TARGET CORPORATION,TARGET STORE T-2137,Retail Trade,2025-04-03 14:50:08,452319,All Other General Merchandise Stores,,375,18TH,ST,NW,,ATLANTA,GA,30363,375 18TH ST ATLANTA GA 30363,"375 18th St NW, Atlanta, Georgia, 30363",-84.39942197,33.79307998,FALSE,District 3,E
LGB-124164-2020,TARGET CORPORATION,TARGET STORE T-2171,Retail Trade,2025-04-03 14:50:39,452319,All Other General Merchandise Stores,,2539,PIEDMONT,RD,NE,,ATLANTA,GA,30324,2539 PIEDMONT RD ATLANTA GA 30324,"2539 Piedmont Rd NE, Atlanta, Georgia, 30324",-84.36346813,33.82452779,FALSE,District 6,B
GBL-0224-28147,Wal-Mart Stores East LP,Walmart #7601,Retail Trade,2025-04-29 14:54:15,452319,All Other General Merchandise Stores,,835 Martin Luther King Jr Drive NW,,,,,ATLANTA,GA,30314,835 Martin Luther King Jr Drive NW nan nan Atlanta GA 30314,"835 Martin Luther King Jr Dr NW, Atlanta, Georgia, 30314",-84.4135894,33.7558251,TRUE,District 3,L
LGB-078535-2020,TARGET STORES T-1197,,Retail Trade,2025-04-03 14:48:45,452319,All Other General Merchandise Stores,,3535,PEACHTREE,RD,NE,,ATLANTA,GA,30326,3535 PEACHTREE RD ATLANTA GA 30326,"3535 Peachtree Rd NE, Atlanta, Georgia, 30326",-84.35977574,33.8510136,FALSE,District 7,B
GBL-0924-32958,"Tuxedo Wine & Spirits, LLC DBA Savi provisions",Savi Provisions,Retail Trade,2025-02-15 18:41:07,453998,All Other Miscellaneous Store Retailers (except Tobacco Stores),,3861,Roswell,RD,NE,Ste A,ATLANTA,GA,30342,3861 Roswell RD Atlanta GA 30342,"3861 Roswell Rd NE, Atlanta, Georgia, 30342",-84.37995886,33.8595851,FALSE,7,B
LGB-171185-2020,SAVI MIDTOWN 988 LLC,SAVI PROVISIONS,Retail Trade,2025-03-29 01:04:13,453998,All Other Miscellaneous Store Retailers (except Tobacco Stores) ,,988,PEACHTREE,ST,NE,,ATLANTA,GA,30309,988 PEACHTREE ST ATLANTA GA 30309,"988 Peachtree St NE, Atlanta, Georgia, 30309",-84.38430538,33.78098976,FALSE,District 2,E
GBL-1224-34642,"Wingman Hospitality, LLC",Bennett's Market and Deli,Retail Trade,2025-01-24 8:29:00,445299,All Other Specialty Food Stores,,891,CHEROKEE,Avenue,SE,,ATLANTA,GA,30315,891 CHEROKEE Avenue Atlanta GA 30315,"891 Cherokee Ave SE, Atlanta, Georgia, 30315",-84.37392632,33.73017317,FALSE,1,W
GBL-0525-40289,La Bodega at the Met Corp,La Bodega Market,Retail Trade,2025-07-21 5:31:00,445299,All Other Specialty Food Stores,,1975 SYLVAN,,RD,SW,,ATLANTA,GA,30310,1975 SYLVAN nan RD Atlanta GA 30310,"1975 Sylvan Rd SW, Atlanta, Georgia, 30310",-84.41899916,33.70063153,TRUE,District 12,X
GBL-0421-02202,Sai Shakti Provisions LLC,Savi Provisions,Accommodation and Food Services,2025-02-02 15:35:12,445299,All Other Specialty Food Stores ,NW,950 Marietta Street,"Ste. 4, Bldg B",,,,ATLANTA,GA,30318,"950 Marietta Street Ste. 4, Bldg B nan Atlanta GA 30318","950 W Marietta St NW, Suite B, Atlanta, Georgia, 30318",-84.41893898,33.78267301,FALSE,3,K
GBL-1221-08253,SAVI Post Riverside LLC,Savi Provisions Provisions,Accommodation and Food Services,2025-01-23 17:04:25,445299,All Other Specialty Food Stores ,,4403 Northside,,PKWY,,Suite 170,ATLANTA,GA,30327,4403 Northside nan PKWY Atlanta GA 30327,"4403 Northside Pkwy NW, Atlanta, Georgia, 30327",-84.44918399,33.86806302,FALSE,8,A
GBL-0722-14901,NANDINI ENTERPRISES LLC,BIG BROTHER MINI SUPERMARKET,Retail Trade,2025-05-24 23:05:02,445120,Convenience Stores,,400,AMAL,Drive,SW,,ATLANTA,GA,,400 AMAL Drive Atlanta GA nan,"400 Amal Dr SW, Atlanta, Georgia, 30315",-84.39890431,33.70720202,TRUE,District 12,Y
GBL-0524-30604,1407 Metropolitan LLC,Corner Grocery,Retail Trade,2025-02-24 23:07:03,445120,Convenience Stores,,1407 Metropolitan Parkway SW Atlanta Georgia 30310,,,,,,,,1407 Metropolitan Parkway SW Atlanta Georgia 30310 nan nan nan nan nan,"1407 Metropolitan Pkwy SW, Atlanta, Georgia, 30310",-84.40817687,33.71646939,TRUE,12,X
GBL-0922-15997,MAHIMOU LLC,DONNELLY FOOD MART,Retail Trade,2025-01-21 17:03:48,445120,Convenience Stores,,1294 DONNELLY AVE SW,,,,,ATLANTA,GA,30310,1294 DONNELLY AVE SW nan nan ATLANTA GA 30310,"1294 Donnelly Ave SW, Atlanta, Georgia, 30310",-84.43003704,33.7345287,FALSE,4,T
GBL-0624-31621,DONNELLY PROVISIONS LLC,DONNELLY PROVISIONS,Retail Trade,2025-06-18 10:08:32,445120,Convenience Stores,,1308 DONNELLY AVE,,,SW,,ATLANTA,GA,30310,1308 DONNELLY AVE nan nan ATLANTA GA 30310,"1308 Donnelly Ave SW, Atlanta, Georgia, 30310",-84.43035002,33.73477898,FALSE,District 4,T
GBL-0125-35869,Nasdaqq300 LLLP,Essential market,Accommodation and Food Services,2025-03-14 5:57:00,445120,Convenience Stores,,844 martin luther king jr sr sw,,,,,Atlanta,GA,30314,844 martin luther king jr sr sw nan nan Atlanta GA 30314,"844 Martin Luther King Jr Dr SW, Atlanta, Georgia, 30314",-84.41514569,33.75465926,FALSE,District 4,T
GBL-1221-08736,"Tiringo Zeleke, LLC",FAIR STREET SUPERMARKET,Accommodation and Food Services,2025-07-18 8:58:52,445120,Convenience Stores,,1021,FAIR,ST,SW,,ATLANTA,GA,30314,1021 FAIR ST ATLANTA GA 30314,"1021 Fair St SW, Atlanta, Georgia, 30314",-84.421301,33.74919967,TRUE,District 4,T
GBL-0125-36213,SANIA 2455 LLC,FIESTA FOOD MARKET,Retail Trade,2025-07-21 9:59:49,445120,Convenience Stores,,2455 PIEDMONT RD NE,,,,,ATLANTA,GA,30324,2455 PIEDMONT RD NE nan nan ATLANTA GA 30324,"2455 Piedmont Rd NE, Atlanta, Georgia, 30324",-84.36687001,33.82229883,FALSE,District 6,B
GBL-0222-09719,Pursue Goals LLC.,Pittsburgh Market,Retail Trade,2025-02-15 19:09:46,445120,Convenience Stores,,543,ROCKWELL,ST,SW,,ATLANTA,GA,,543 ROCKWELL ST Atlanta GA nan,"543 Rockwell St SW, Atlanta, Georgia, 30310",-84.40542568,33.73207209,TRUE,12,V
GBL-1223-25366,"Savi@Highlands, LLC",Savi@Highlands,Retail Trade,2025-05-14 23:02:21,445120,Convenience Stores,,1370 N Highlad Avenue NE Atlanta Georgia 30306,,,,,,,,1370 N Highlad Avenue NE Atlanta Georgia 30306 nan nan nan nan nan,"1370 N Highland Ave NE, Atlanta, Georgia, 30306",-84.35346986,33.79231082,FALSE,District 6,F
GBL-1222-17731,"Savi@Lenox, LLC",Savi@Lenox,Retail Trade,2025-01-16 17:15:13,445120,Convenience Stores,,3478 Lakeside Drive NE Atlanta Georgia 30326,,,,,,,,3478 Lakeside Drive NE Atlanta Georgia 30326 nan nan nan nan nan,"3478 Lakeside Dr NE, Atlanta, Georgia, 30326",-84.35751598,33.8480845,FALSE,7,B
GBL-1222-17734,"Savi@StarMetal,LLC",Savi@StarMetal,Retail Trade,2025-01-16 13:18:25,445120,Convenience Stores,,1050 Howell Mill Road NW Suite 105 Atlanta Georgia 30318,,,,,,,,1050 Howell Mill Road NW Suite 105 Atlanta Georgia 30318 nan nan nan nan nan,"1050 Howell Mill Rd NW, Atlanta, Georgia, 30318",-84.41213698,33.78340102,FALSE,3,E
GBL-0323-20010,"Simpson Business, Inc.",Shopper's Supermarket,Retail Trade,2025-02-11 13:09:26,445120,Convenience Stores,,"735 Joseph E. Boone Blvd., NW",,,,,ATLANTA,GA,30314,"735 Joseph E. Boone Blvd., NW nan nan Atlanta GA 30314","735 Joseph E Boone Blvd NW, Atlanta, Georgia, 30314",-84.41149574,33.76348958,TRUE,3,L
GBL-0823-23000,AAD LLC,SWEET AUBURN GROCERY,Retail Trade,2025-01-03 13:39:55,445120,Convenience Stores,,200 AUBURN,,AVE,NE,,ATLANTA,GA,30303,200 AUBURN nan AVE ATLANTA GA 30303,"200 Auburn Ave NE, Atlanta, Georgia, 30303",-84.38113093,33.75559258,FALSE,5,M
GBL-0324-28457,Swift Bodega LLC,Swift Bodega,Retail Trade,2025-02-03 15:26:20,445120,Convenience Stores,,207,13th,ST,NE,A1,ATLANTA,GA,30309,207 13th ST Atlanta GA 30309,"207 13th St NE, Atlanta, Georgia, 30309",-84.38022347,33.78510062,FALSE,2,E
GBL-1124-34084,"Your 828 McDonough Grocery Store, LLC",Tanner's Corner Grocery,Retail Trade,2025-01-27 16:06:40,445120,Convenience Stores,,828 McDonough Blvd SE,,,,,ATLANTA,GA,30315,828 McDonough Blvd SE nan nan Atlanta GA 30315,"828 McDonough Blvd SE, Atlanta, Georgia, 30315",-84.35945437,33.70938362,FALSE,1,W
GBL-0524-30605,1083 Westview Grocery LLC,Westview Grocery LLC,Retail Trade,2025-05-08 23:02:41,445120,Convenience Stores,,1083 Westview Drive SW Atlanta Georgia 30310,,,,,,,,1083 Westview Drive SW Atlanta Georgia 30310 nan nan nan nan nan,"1083 Westview Dr SW, Atlanta, Georgia, 30310",-84.4230058,33.74716756,TRUE,District 4,T
GBL-1224-34696,WINDSOR 786 INC,WINDSOR SUPER MARKET,Retail Trade,2025-02-11 16:17:16,445120,Convenience Stores,,504,WINDSOR,Street,SW,,ATLANTA,GA,,504 WINDSOR Street Atlanta GA nan,"504 Windsor St SW, Atlanta, Georgia, 30312",-84.3979279,33.74109018,TRUE,4,V
GBL-0823-22787,Pahi African Caribbean Market 2,,Retail Trade,2025-02-11 22:06:49,445120,Convenience Stores,,"2775 Campbellton Road RD C Atlanta, GA 30311",,,,,,,,"2775 Campbellton Road RD C Atlanta, GA 30311 nan nan nan nan nan","2775 Campbellton Rd SW, Atlanta, Georgia, 30311",-84.47979302,33.70142198,TRUE,11,R
GBL-1223-25366,"Savi@Highlands, LLC",Savi@Highlands,Retail Trade,2025-05-14 23:02:21,445120,Convenience Stores ,,1370 N Highlad Avenue NE Atlanta Georgia 30306,,,,,,,,1370 N Highlad Avenue NE Atlanta Georgia 30306 nan nan nan nan nan,"1370 N Highland Ave NE, Atlanta, Georgia, 30306",-84.35346986,33.79231082,FALSE,District 6,F
GBL-1222-17731,"Savi@Lenox, LLC",Savi@Lenox,Retail Trade,2025-01-16 17:15:13,445120,Convenience Stores ,,3478 Lakeside Drive NE Atlanta Georgia 30326,,,,,,,,3478 Lakeside Drive NE Atlanta Georgia 30326 nan nan nan nan nan,"3478 Lakeside Dr NE, Atlanta, Georgia, 30326",-84.35751598,33.8480845,FALSE,7,B
GBL-1222-17734,"Savi@StarMetal,LLC",Savi@StarMetal,Retail Trade,2025-01-16 13:18:25,445120,Convenience Stores ,,1050 Howell Mill Road NW Suite 105 Atlanta Georgia 30318,,,,,,,,1050 Howell Mill Road NW Suite 105 Atlanta Georgia 30318 nan nan nan nan nan,"1050 Howell Mill Rd NW, Atlanta, Georgia, 30318",-84.41213698,33.78340102,FALSE,3,E
GBL-0922-16270,Atlanta Food n Market,LT New Orleans Seafood Market,Accommodation and Food Services,2025-02-12 17:03:57,445220,Fish and Seafood Markets,E,585 Joseph Lowery,,BLVD,SW,D,ATLANTA,GA,30310,585 Joseph Lowery nan BLVD Atlanta GA 30310,"585 Joseph E Lowery Blvd SW, Atlanta, Georgia, 30310",-84.41778102,33.73848048,FALSE,4,T
GBL-0524-30983,Fly Seafood Market,,Retail Trade,2025-08-07 23:06:14,445220,Fish and Seafood Markets,,1152 Pryor Street,,,,,Atlanta,GA,30315,1152 Pryor Street nan nan Atlanta GA 30315,"1152 Pryor Rd SW, Atlanta, Georgia, 30315",-84.39297738,33.7235596,TRUE,District 12,V
GBL-0622-14433,Yunny LLC,City Produce,Other Services except Public Administration,2025-01-25 15:06:21,445230,Fruit and Vegetable Markets,,209,EDGEWOOD,Avenue,SE,,ATLANTA,GA,,209 EDGEWOOD Avenue Atlanta GA nan,"209 Edgewood Ave SE, Atlanta, Georgia, 30303",-84.37988015,33.75404667,FALSE,5,M
GBL-0722-15096,SH PRODUCE-MARKET LLC,SH PRODUCE,Retail Trade,2025-01-25 15:05:29,445230,Fruit and Vegetable Markets,,209,EDGEWOOD,Avenue,SE,,ATLANTA,GA,,209 EDGEWOOD Avenue Atlanta GA nan,"209 Edgewood Ave SE, Atlanta, Georgia, 30303",-84.37988015,33.75404667,FALSE,5,M
GBL-0923-23285,Rhinehart Farms LLC,,Accommodation and Food Services,2025-02-15 18:36:29,445230,Fruit and Vegetable Markets,,2176,COUNTY LINE,RD,SW,,ATLANTA,GA,30311,2176 COUNTY LINE RD Atlanta GA 30311,"2176 County Line Rd SW, Atlanta, Georgia, 30331",-84.53436927,33.69527013,TRUE,11,P
LGB-167379-2020,ARDEN GARDEN,,Retail Trade,2025-03-14 23:03:27,445230,Fruit and Vegetable Markets,,969,MARIETTA,ST,NW,STE 300,ATLANTA,GA,30318,969 MARIETTA ST ATLANTA GA 30318,"969 Marietta St NW, Atlanta, Georgia, 30318",-84.40932762,33.77874009,FALSE,District 3,E
LGB-096339-2020,ARDEN'S GARDEN,,Retail Trade,2025-03-14 23:19:34,445230,Fruit and Vegetable Markets,,3757,ROSWELL,RD,NE,,ATLANTA,GA,30342,3757 ROSWELL RD ATLANTA GA 30342,"3757 Roswell Rd NE, Atlanta, Georgia, 30342",-84.38136065,33.85747052,FALSE,District 7,B
GBL-1123-24553,JC Tropical Market,,Retail Trade,2025-08-08 23:06:18,445230,Fruit and Vegetable Markets,,2000 Cheshire Bridge Rd,,,,Ste E.,ATLANTA,GA,30324,2000 Cheshire Bridge Rd nan nan Atlanta GA 30324,"2000 Cheshire Bridge Rd NE, Atlanta, Georgia, 30324",-84.35749946,33.81161777,FALSE,District 6,F
LGB-175280-2020,LUCY'S MARKET,,Retail Trade,2025-03-31 18:35:17,445230,Fruit and Vegetable Markets,,56,E ANDREWS,DR,NW,STE 220,ATLANTA,GA,30305,56 E ANDREWS DR ATLANTA GA 30305,"56 E Andrews Dr NW, Atlanta, Georgia, 30305",-84.3811231,33.84326751,FALSE,District 8,B
LGB-184628-2020,"Z & M Aria, LLC",3 WAY GROCERY,Retail Trade,2025-02-12 13:06:45,424410,General Line Grocery Merchant Wholesalers,,1695,PRYOR,RD,SW,,ATLANTA,GA,30315,1695 PRYOR RD ATLANTA GA 30315,"1695 Pryor Rd SW, Atlanta, Georgia, 30315",-84.39375337,33.70893883,TRUE,District 12,Y
LGB-106010-2020,"75 FARMERS MARKET, INC",75 FARMERS MARKET,Retail Trade,2025-05-09 23:02:15,424410,General Line Grocery Merchant Wholesalers,,230,CLEVELAND,AVE,SW,,ATLANTA,GA,30315,230 CLEVELAND AVE ATLANTA GA 30315,"230 Cleveland Ave SW, Atlanta, Georgia, 30315",-84.39559463,33.67949459,TRUE,District 12,Z
LGB-048308-2020,A & B VARIETY,A & B VARIETY,Retail Trade,2025-02-14 19:17:35,424410,General Line Grocery Merchant Wholesalers,,361,EDGEWOOD,AVE,NE,,ATLANTA,GA,30312,361 EDGEWOOD AVE ATLANTA GA 30312,"361 Edgewood Ave SE, Atlanta, Georgia, 30312",-84.37585248,33.75416234,FALSE,5,M
LGB-130042-2020,"ALDI, INC (GEORGIA)",ALIDI #58,Retail Trade,2025-01-07 13:21:23,424410,General Line Grocery Merchant Wholesalers,,1461,MORELAND,AVE,SE,,ATLANTA,GA,30316,1461 MORELAND AVE ATLANTA GA 30316,"1461 Moreland Ave SE, Atlanta, Georgia, 30316",-84.35022573,33.71370893,FALSE,1,W
LGB-171204-2020,"B AND E FOOD MART, LLC",B AND E FOOD MART,Retail Trade,2025-02-13 9:10:34,424410,General Line Grocery Merchant Wholesalers,,1097,HOLLYWOOD,RD,NW,,ATLANTA,GA,30318,1097 HOLLYWOOD RD ATLANTA GA 30318,"1097 Hollywood Rd, Atlanta, Georgia, 30318",-84.46075102,33.78523385,TRUE,District 9,G
LGB-129645-2020,"BLUE STAR INVESTORS, LLC",BIG A FOOD MART,Retail Trade,2025-01-16 13:10:18,424410,General Line Grocery Merchant Wholesalers,,568,CHAPPELL,RD,NW,,ATLANTA,GA,30318,568 CHAPPELL RD ATLANTA GA 30318,"568 Chappell Rd NW, Atlanta, Georgia, 30318",-84.43435104,33.77084501,TRUE,9,J
LGB-009374-2020,"OGAS Enterprises, INC",BIG BEAR SUPERMARKET #1,Retail Trade,2025-01-23 17:04:11,424410,General Line Grocery Merchant Wholesalers,,683,JOSEPH E LOWERY,BLVD,SW,,ATLANTA,GA,30310,683 JOSEPH E LOWERY BLVD ATLANTA GA 30310,"683 Joseph E Lowery Blvd SW, Atlanta, Georgia, 30310",-84.41838443,33.73648617,FALSE,4,T
LGB-162847-2020,"SJ SAN, INC",BIG H FOOD STORE,Retail Trade,2025-01-30 13:05:34,424410,General Line Grocery Merchant Wholesalers,,1668,EASTLAND,RD,SE,,ATLANTA,GA,30316,1668 EASTLAND RD ATLANTA GA 30316,"1668 Eastland Rd SE, Atlanta, Georgia, 30316",-84.3303374,33.71900923,FALSE,5,W
LGB-139173-2020,BUDDY'S STORE CORPORATION,BUDDY'S FOOD MART,Retail Trade,2025-02-07 16:05:04,424410,General Line Grocery Merchant Wholesalers,,1181,MCPHERSON,AVE,SE,,ATLANTA,GA,30316,1181 MCPHERSON AVE ATLANTA GA 30316,"1181 McPherson Ave SE, Atlanta, Georgia, 30316",-84.348791,33.74300461,FALSE,5,W
LGB-101629-2019,CANDLER PARK MARKET LLC,CANDLER PARK MARKET,Retail Trade,2025-02-10 19:11:08,424410,General Line Grocery Merchant Wholesalers,,1642,MCLENDON,AVE,NE,,ATLANTA,GA,30307,1642 MCLENDON AVE ATLANTA GA 30307,"1642 McLendon Ave NE, Atlanta, Georgia, 30307",-84.33365295,33.76508945,FALSE,2,N
LGB-102880-2019,"DEPENDABLE, INC.",DEPENDABLE INC.,Wholesale Trade,2025-02-15 18:35:03,424410,General Line Grocery Merchant Wholesalers,,1991,MARIETTA,BLVD,NW,,ATLANTA,GA,30318,1991 MARIETTA BLVD ATLANTA GA 30318,"1991 Marietta Blvd, Atlanta, Georgia, 30318",-84.45397286,33.79885302,TRUE,9,G
LGB-129262-2020,"BULBUL ENTERPRISES, INC.",E Z SHOPPERS,Retail Trade,2025-05-09 23:02:09,424410,General Line Grocery Merchant Wholesalers,,3235,MARTIN L KING JR,DR,SW,,ATLANTA,GA,30311,3235 MARTIN L KING JR DR ATLANTA GA 30311,"3235 Martin Luther King Jr Dr SW, Atlanta, Georgia, 30311",-84.493235,33.75305602,TRUE,District 10,I
LGB-184435-2020,"490 FAIRBURN RD, LLC",FAIRBURN FOODSHOP,Retail Trade,2025-01-21 5:55:52,424410,General Line Grocery Merchant Wholesalers,,490,FAIRBURN,RD,SW,,ATLANTA,GA,30331,490 FAIRBURN RD ATLANTA GA 30331,"490 Fairburn Rd SW, Atlanta, Georgia, 30331",-84.50995287,33.74093629,TRUE,District 10,H
LGB-129706-2020,"THE FRESH MARKET, INC.",FRESH MARKET#84,Retail Trade,2025-02-20 23:05:53,424410,General Line Grocery Merchant Wholesalers,,4405,ROSWELL,RD,NE,,ATLANTA,GA,30342,4405 ROSWELL RD ATLANTA GA 30342,"4405 Roswell Rd NE, Atlanta, Georgia, 30342",-84.37997327,33.87416123,FALSE,7,B
LGB-162542-2020,H & R FOOD MART,H & R FOOD MART,Retail Trade,2025-02-11 13:09:48,424410,General Line Grocery Merchant Wholesalers,,980,HOLLYWOOD,RD,NW,,ATLANTA,GA,30318,980 HOLLYWOOD RD ATLANTA GA 30318,"980 Hollywood Rd, Atlanta, Georgia, 30318",-84.45638295,33.7816417,TRUE,9,J
LGB-188281-2020,"JEN & EM CHAN, LLC",JEN CHAN'S,Retail Trade,2025-01-28 9:05:41,424410,General Line Grocery Merchant Wholesalers,,186,CARROLL,ST,SE,,ATLANTA,GA,30312,186 CARROLL ST ATLANTA GA 30312,"186 Carroll St SE, Atlanta, Georgia, 30312",-84.36788338,33.74951973,FALSE,District 5,N
LGB-175470-2020,KROGER #626,KROGER,Retail Trade,2025-02-12 13:13:01,424410,General Line Grocery Merchant Wholesalers,,2452,MOROSGO,WAY,NE,,ATLANTA,GA,30324,2452 MOROSGO WAY ATLANTA GA 30324,"2452 Morosgo Way NE, Atlanta, Georgia, 30324",-84.36585044,33.82279814,FALSE,District 6,B
LGB-174152-2020,KROGER #672,KROGER,Retail Trade,2025-02-12 13:06:14,424410,General Line Grocery Merchant Wholesalers,,800,GLENWOOD,AVE,SE,,ATLANTA,GA,30316,800 GLENWOOD AVE ATLANTA GA 30316,"800 Glenwood Ave SE, Atlanta, Georgia, 30316",-84.3614828,33.7391488,FALSE,District 1,W
LGB-188725-2020,KROGER #695,KROGER,Retail Trade,2025-02-12 13:11:05,424410,General Line Grocery Merchant Wholesalers,,725,PONCE DE LEON,AVE,NE,,ATLANTA,GA,30306,725 PONCE DE LEON AVE ATLANTA GA 30306,"725 Ponce de Leon Ave NE, Atlanta, Georgia, 30306",-84.36194003,33.77366699,FALSE,District 2,N
LGB-006143-2020,The Kroger Company,KROGER #298,Retail Trade,2025-02-11 22:03:52,424410,General Line Grocery Merchant Wholesalers,,1700,MONROE,DR,NE,,ATLANTA,GA,30309,1700 MONROE DR ATLANTA GA 30309,"1700 Monroe Dr NE, Atlanta, Georgia, 30324",-84.37305728,33.80052789,FALSE,6,F
LGB-008106-2020,THE KROGER COMPANY,KROGER STORE #346,Retail Trade,2025-02-11 22:08:05,424410,General Line Grocery Merchant Wholesalers,,1715,HOWELL MILL,RD,NW,,ATLANTA,GA,30318,1715 HOWELL MILL RD ATLANTA GA 30318,"1715 Howell Mill Rd NW, Atlanta, Georgia, 30318",-84.41433514,33.80115498,FALSE,9,D
LGB-010429-2020,THE KROGER COMPANY,KROGER STORE #364,Retail Trade,2025-02-12 11:09:17,424410,General Line Grocery Merchant Wholesalers,,2685,METROPOLITAN,PKWY,SW,,ATLANTA,GA,30315,2685 METROPOLITAN PKWY ATLANTA GA 30315,"2685 Metropolitan Pkwy SW, Atlanta, Georgia, 30315",-84.40902109,33.68265742,TRUE,12,X
LGB-000184-2020,THE KROGER COMPANY,KROGER STORE #412,Retail Trade,2025-02-12 11:05:29,424410,General Line Grocery Merchant Wholesalers,,590,CASCADE,AVE,SW,,ATLANTA,GA,30310,590 CASCADE AVE ATLANTA GA 30310,"590 Cascade Ave SW, Atlanta, Georgia, 30310",-84.43301102,33.737543,FALSE,4,T
LGB-113506-2020,THE KROGER COMPANY,KROGER STORE #461,Retail Trade,2025-02-12 11:05:46,424410,General Line Grocery Merchant Wholesalers,,1225,CAROLINE,ST,NE,,ATLANTA,GA,30307,1225 CAROLINE ST ATLANTA GA 30307,"1225 Caroline St NE, Atlanta, Georgia, 30307",-84.34795147,33.75620975,FALSE,5,O
LGB-000444-2020,THE KROGER COMPANY,KROGER STORE #462,Retail Trade,2025-02-12 11:05:51,424410,General Line Grocery Merchant Wholesalers,,3030,HEADLAND,DR,SW,,ATLANTA,GA,30331,3030 HEADLAND DR ATLANTA GA 30331,"3030 Headland Dr, Atlanta, Georgia, 30311",-84.48775258,33.68951117,TRUE,11,R
LGB-161601-2020,Broadway 786 Investments LLC,Kwik Stop Food Mart,Retail Trade,2025-03-12 23:02:22,424410,General Line Grocery Merchant Wholesalers,,1860,MEMORIAL,DR,SE,,ATLANTA,GA,30317,1860 MEMORIAL DR ATLANTA GA 30317,"1860 Memorial Dr SE, Atlanta, Georgia, 30317",-84.32670393,33.74775128,FALSE,District 5,O
LGB-188442-2020,"BIGHIT BJ, LLC",L&M SERVICE MARKET,Retail Trade,2025-01-20 11:25:01,424410,General Line Grocery Merchant Wholesalers,,785,ARGONNE,AVE,NE,,ATLANTA,GA,30308,785 ARGONNE AVE ATLANTA GA 30308,"785 Argonne Ave NE, Atlanta, Georgia, 30308",-84.377395,33.77604372,FALSE,District 2,E
LGB-186299-2020,JAHANARA CONVENIENCE INC,LITTLE BEAR FOODS,Retail Trade,2025-02-16 18:41:52,424410,General Line Grocery Merchant Wholesalers,,1660,JONESBORO,RD,SE,,ATLANTA,GA,30315,1660 JONESBORO RD ATLANTA GA 30315,"1660 Jonesboro Rd SE, Atlanta, Georgia, 30315",-84.37924145,33.70658846,TRUE,District 1,Y
LGB-176698-2020,"Salehuddin, Inc.",NEIGHBORS MARKET,Retail Trade,2025-02-14 17:05:59,424410,General Line Grocery Merchant Wholesalers,,132,JOSEPH E LOWERY,BLVD,NW,,ATLANTA,GA,30314,132 JOSEPH E LOWERY BLVD ATLANTA GA 30314,"132 Joseph E Lowery Blvd NW, Atlanta, Georgia, 30314",-84.41778077,33.75860878,TRUE,District 3,K
LGB-166612-2020,CHARLES GLOVER,POLAR ROCK LAKEWOOD GROCERY,Retail Trade,2025-02-27 23:05:39,424410,General Line Grocery Merchant Wholesalers,,2428,LAKEWOOD,AVE,SW,,ATLANTA,GA,30315,2428 LAKEWOOD AVE ATLANTA GA 30315,"2428 Lakewood Ave, Atlanta, Georgia, 30315",-84.39849954,33.69695841,TRUE,District 12,Z
LGB-089800-2020,"PUBLIX SUPER MARKET, INC",PUBLIX SUPER MARKET #720,Retail Trade,2025-01-16 17:07:47,424410,General Line Grocery Merchant Wholesalers,,1250,W PACES FERRY,RD,NW,,ATLANTA,GA,30327,1250 W PACES FERRY RD ATLANTA GA 30327,"1250 W Paces Ferry Rd NW, Atlanta, Georgia, 30327",-84.42791097,33.84830201,FALSE,8,A
LGB-121083-2020,"PUBLIX SUPER MARKETS, INC",PUBLIX SUPER MARKETS #1056,Retail Trade,2025-01-16 17:05:08,424410,General Line Grocery Merchant Wholesalers,,3730,CARMIA,DR,SE,STE-200,ATLANTA,GA,30331,3730 CARMIA DR ATLANTA GA 30331,"3730 Carmia Dr SW, Atlanta, Georgia, 30331",-84.51076399,33.65648748,FALSE,11,P
LGB-082160-2020,"PUBLIX SUPER MARKETS, INC",PUBLIX SUPER MARKETS #719,Retail Trade,2025-01-16 17:09:01,424410,General Line Grocery Merchant Wholesalers,,2365,PEACHTREE,RD,NE,,ATLANTA,GA,30305,2365 PEACHTREE RD ATLANTA GA 30305,"2365 Peachtree Rd NE, Atlanta, Georgia, 30305",-84.38687711,33.81903777,FALSE,7,B
LGB-121732-2020,"PUBLIX SUPER MARKET, INC","PUBLIX SUPER MARKETS, INC #1061",Retail Trade,2025-01-16 17:18:53,424410,General Line Grocery Merchant Wholesalers,,950,W PEACHTREE,ST,NW,,ATLANTA,GA,30309,950 W PEACHTREE ST ATLANTA GA 30309,"950 W Peachtree St NW, Atlanta, Georgia, 30309",-84.38761497,33.78012101,FALSE,2,E
LGB-083252-2020,"PUBLIX SUPER MARKETS, INC.",PUBLIX SUPERMARKETS #718,Retail Trade,2025-01-16 17:17:17,424410,General Line Grocery Merchant Wholesalers,,4279,ROSWELL,RD,NE,,ATLANTA,GA,30342,4279 ROSWELL RD ATLANTA GA 30342,"4279 Roswell Rd NE, Atlanta, Georgia, 30342",-84.37933139,33.87112355,FALSE,7,B
LGB-189332-2020,MID MARKET INC,QUALITY FOOD MARKET,Retail Trade,2025-02-16 18:42:18,424410,General Line Grocery Merchant Wholesalers,,1217,JOSEPH E BOONE,BLVD,NW,,ATLANTA,GA,30314,1217 JOSEPH E BOONE BLVD ATLANTA GA 30314,"1217 Joseph E Boone Blvd NW, Atlanta, Georgia, 30314",-84.42711997,33.763588,TRUE,District 3,K
LGB-175063-2019,SINGH SAAB INC,QUICK FOOD MART,Retail Trade,2025-01-22 9:34:44,424410,General Line Grocery Merchant Wholesalers,,2,JOSEPH E LOWERY,BLVD,NW,,ATLANTA,GA,30314,2 JOSEPH E LOWERY BLVD ATLANTA GA 30314,"2 Joseph E Lowery Blvd NW, Atlanta, Georgia, 30314",-84.41772486,33.75497065,TRUE,District 3,K
LGB-107482-2020,"B.P.R. ENTERPRISES, INC.",QUICK FOOD MART RIGHT STUFF,Retail Trade,2025-01-31 11:34:21,424410,General Line Grocery Merchant Wholesalers,,1977,MARTIN L KING JR,DR,SW,,ATLANTA,GA,30310,1977 MARTIN L KING JR DR ATLANTA GA 30310,"1977 Martin Luther King Jr Dr SW, Atlanta, Georgia, 30310",-84.44741686,33.75056697,TRUE,10,I
LGB-090188-2020,"ISK, INC",QUICK SAVE,Retail Trade,2025-02-15 18:54:19,424410,General Line Grocery Merchant Wholesalers,,374,CLEVELAND,AVE,SW,,ATLANTA,GA,30315,374 CLEVELAND AVE ATLANTA GA 30315,"374 Cleveland Ave SW, Atlanta, Georgia, 30315",-84.4013364,33.68081616,TRUE,12,X
LGB-161546-2019,"TUTEJA, INC",REGGIE'S FOOD MART #2,Retail Trade,2025-02-13 15:05:58,424410,General Line Grocery Merchant Wholesalers,,902,DILL,AVE,SW,,ATLANTA,GA,30310,902 DILL AVE ATLANTA GA 30310,"902 Dill Ave SW, Atlanta, Georgia, 30310",-84.41768052,33.7181321,TRUE,12,X
LGB-168688-2019,"SF MARKETS, LLC",SPROUTS FARMERS MARKET #519,Retail Trade,2025-02-11 11:39:13,424410,General Line Grocery Merchant Wholesalers,,1845,PIEDMONT,AVE,NE,STE 500,ATLANTA,GA,30324,1845 PIEDMONT AVE ATLANTA GA 30324,"1845 Piedmont Ave NE, Atlanta, Georgia, 30324",-84.36600852,33.80725403,FALSE,District 6,F
LGB-152688-2020,"KALGI, INC.",STOP N SAVE,Retail Trade,2025-01-28 17:04:18,424410,General Line Grocery Merchant Wholesalers,,1932,HOSEA L WILLIAMS,DR,NE,,ATLANTA,GA,30317,1932 HOSEA L WILLIAMS DR ATLANTA GA 30317,"1932 Hosea L Williams Dr NE, Atlanta, Georgia, 30317",-84.32416137,33.75276013,FALSE,5,O
LGB-180517-2019,GRANT PARK MARKET,THE DELI  AT GRANT PARK MARKET,Retail Trade,2025-02-10 15:04:16,424410,General Line Grocery Merchant Wholesalers,,519,MEMORIAL,DR,SW,STE-,ATLANTA,GA,30312,519 MEMORIAL DR ATLANTA GA 30312,"519 Memorial Dr SE, Atlanta, Georgia, 30312",-84.37058755,33.74613709,FALSE,District 1,W
LGB-119386-2020,"THE FRESH MARKET, INC.",THE FRESH MARKET,Retail Trade,2025-02-20 23:07:53,424410,General Line Grocery Merchant Wholesalers,,2099,PEACHTREE,RD,NE,,ATLANTA,GA,30309,2099 PEACHTREE RD ATLANTA GA 30309,"2099 Peachtree Rd NE, Atlanta, Georgia, 30309",-84.39139948,33.81197606,FALSE,7,E
LGB-126716-2020,TRADER JOE'S  EAST INC,TRADER JOE'S #730,Retail Trade,2025-02-06 12:05:25,424410,General Line Grocery Merchant Wholesalers,,931,MONROE,DR,NE,STE B-114,ATLANTA,GA,30308,931 MONROE DR ATLANTA GA 30308,"931 Monroe Dr NE, Atlanta, Georgia, 30308",-84.36750477,33.77961994,FALSE,6,E
LGB-175777-2020,"TUSCANY AT YOUR TABLE, LLC",TUSCANY AT YOUR TABLE,Retail Trade,2025-02-07 8:51:11,424410,General Line Grocery Merchant Wholesalers,,1050,N HIGHLAND,AVE,NE,,ATLANTA,GA,30306,1050 N HIGHLAND AVE ATLANTA GA 30306,"1050 N Highland Ave NE, Atlanta, Georgia, 30306",-84.35292739,33.77131947,FALSE,District 2,N
LGB-134354-2020,JAE JAMES LEE,WALTON FOOD MART,Retail Trade,2025-01-30 11:04:49,424410,General Line Grocery Merchant Wholesalers,,64,WALTON,ST,NW,,ATLANTA,GA,30303,64 WALTON ST ATLANTA GA 30303,"64 Walton St NW, Atlanta, Georgia, 30303",-84.3906796,33.7562199,FALSE,2,M
LGB-121918-2020,"WAYFIELD FOODS, INC.",WAYFIELD FOODS  #19,Retail Trade,2025-01-14 13:09:26,424410,General Line Grocery Merchant Wholesalers,,3050,MARTIN L KING JR,DR,SW,STE H,ATLANTA,GA,30311,3050 MARTIN L KING JR DR ATLANTA GA 30311,"3050 Martin Luther King Jr Dr SW, Atlanta, Georgia, 30311",-84.48647038,33.75082811,FALSE,10,I
LGB-188058-2020,"West End Convenient Store, LLC",WEST END FOOD MART,Retail Trade,2025-08-04 23:09:49,424410,General Line Grocery Merchant Wholesalers,,1107,RALPH D ABERNATHY,BLVD,SW,,ATLANTA,GA,30310,1107 RALPH D ABERNATHY BLVD ATLANTA GA 30310,"1107 Ralph David Abernathy Blvd SW, Atlanta, Georgia, 30310",-84.42403753,33.73880376,FALSE,District 4,T
LGB-182138-2020,"WESTVIEW CORNER GROCERY, LLC",WESTVIEW CORNER GROCERY,Retail Trade,2025-01-11 15:04:31,424410,General Line Grocery Merchant Wholesalers,,1562,RALPH D ABERNATHY,BLVD,SW,,ATLANTA,GA,30310,1562 RALPH D ABERNATHY BLVD ATLANTA GA 30310,"1562 Ralph David Abernathy Blvd SW, Atlanta, Georgia, 30310",-84.43860603,33.743986,FALSE,District 10,T
LGB-185107-2020,"WHOLE FOOD MARKET GROUP, INC",WHOLE FOOD MARKET,Retail Trade,2025-02-11 11:35:58,424410,General Line Grocery Merchant Wholesalers,,3535,NORTHSIDE,PKWY,NW,,ATLANTA,GA,30327,3535 NORTHSIDE PKWY ATLANTA GA 30327,"3535 Northside Pkwy NW, Atlanta, Georgia, 30327",-84.42905703,33.85129599,FALSE,District 8,A
LGB-186361-2020,"WHOLE FOODS MARKET GROUP, INC",WHOLE FOODS MARKET,Retail Trade,2025-02-11 13:06:38,424410,General Line Grocery Merchant Wholesalers,,22,14TH,ST,NW,STE C,ATLANTA,GA,30309,22 14TH ST ATLANTA GA 30309,"22 14th St NW, Atlanta, Georgia, 30309",-84.38803817,33.78597351,FALSE,District 2,E
LGB-119139-2020,"ARRAMBAHE, INC.",ZTS Food Mart,Retail Trade,2025-02-12 17:06:35,424410,General Line Grocery Merchant Wholesalers,,3102,MARTIN L KING JR,DR,SW,,ATLANTA,GA,30311,3102 MARTIN L KING JR DR ATLANTA GA 30311,"3102 Martin Luther King Jr Dr SW, Atlanta, Georgia, 30311",-84.48829361,33.75104847,TRUE,10,I
LGB-175459-2020,ALAM INVESTMENT LLC/SUPER FOOD,,Retail Trade,2025-02-24 23:06:19,424410,General Line Grocery Merchant Wholesalers,,1267,JOSEPH E BOONE,BLVD,NW,,ATLANTA,GA,30314,1267 JOSEPH E BOONE BLVD ATLANTA GA 30314,"1267 Joseph E Boone Blvd NW, Atlanta, Georgia, 30314",-84.42923866,33.76384218,TRUE,District 3,K
LGB-073228-2020,ARDEN'S GARDEN,,Retail Trade,2025-03-14 23:03:11,424410,General Line Grocery Merchant Wholesalers,,1117,EUCLID,AVE,NE,,ATLANTA,GA,30307,1117 EUCLID AVE ATLANTA GA 30307,"1117 Euclid Ave NE, Atlanta, Georgia, 30307",-84.35022523,33.76427293,FALSE,District 2,N
LGB-073216-2020,ARDEN'S GARDEN,,Retail Trade,2025-03-14 23:03:28,424410,General Line Grocery Merchant Wholesalers,,985,MONROE,DR,NE,,ATLANTA,GA,30308,985 MONROE DR ATLANTA GA 30308,"985 Monroe Dr NE, Atlanta, Georgia, 30308",-84.3684044,33.78138442,FALSE,District 6,E
LGB-167382-2020,ARDEN'S GARDEN,,Retail Trade,2025-03-14 23:02:53,424410,General Line Grocery Merchant Wholesalers,,1985,HOWELL MILL,RD,NW,STE 101-A,ATLANTA,GA,30318,1985 HOWELL MILL RD ATLANTA GA 30318,"1985 Howell Mill Rd NW, Atlanta, Georgia, 30318",-84.41253764,33.80887526,FALSE,District 8,C
LGB-125295-2020,ARDEN'S GARDEN & JUICE MARKET,,Retail Trade,2025-03-14 23:03:36,424410,General Line Grocery Merchant Wholesalers,,2005,BOULEVARD,ST,NE,,ATLANTA,GA,30317,2005 BOULEVARD ST ATLANTA GA 30317,"Boulevard Dr NE, Atlanta, Georgia, 30317",-84.3528621,33.7535743,FALSE,District 5,N
LGB-189058-2020,ASHKAN GROUP/WESTLAKE FOOD MAR,,Retail Trade,2025-02-15 18:38:17,424410,General Line Grocery Merchant Wholesalers,,1677,DONALD L HOLLOWELL,HWY,NW,,ATLANTA,GA,30318,1677 DONALD L HOLLOWELL HWY ATLANTA GA 30318,"1677 Donald Lee Hollowell Pkwy NW, Atlanta, Georgia, 30318",-84.44225459,33.77327602,TRUE,District 9,J
LGB-190172-2020,ATL FOOD MART AND PRINTCENTER,,Retail Trade,2025-02-11 15:11:15,424410,General Line Grocery Merchant Wholesalers,,903,MARTIN L KING JR,DR,NW,,ATLANTA,GA,30314,903 MARTIN L KING JR DR ATLANTA GA 30314,"903 Martin Luther King Jr Dr NW, Atlanta, Georgia, 30314",-84.41725296,33.75486701,TRUE,District 3,L
LGB-167269-2020,ATLANTA FOOD MART,,Retail Trade,2025-02-15 19:10:11,424410,General Line Grocery Merchant Wholesalers,,1190,METROPOLITAN,PKWY,SW,,ATLANTA,GA,30310,1190 METROPOLITAN PKWY ATLANTA GA 30310,"1190 Metropolitan Pkwy SW, Atlanta, Georgia, 30310",-84.40757698,33.72254924,TRUE,District 12,V
LGB-173414-2020,BUSY BEE GROCERY,,Retail Trade,2025-01-26 15:04:31,424410,General Line Grocery Merchant Wholesalers,,2051,JAMES JACKSON,PKWY,NW,,ATLANTA,GA,30318,2051 JAMES JACKSON PKWY ATLANTA GA 30318,"2051 James Jackson Pkwy NW, Atlanta, Georgia, 30318",-84.475848,33.81193,FALSE,District 9,D
LGB-118749-2020,C & S GROCERIS,,Retail Trade,2025-02-27 15:40:37,424410,General Line Grocery Merchant Wholesalers,,3032,STONE HOGAN,RD,SW,,ATLANTA,GA,30331,3032 STONE HOGAN RD ATLANTA GA 30331,"3032 Stone Hogan Conn SW, Atlanta, Georgia, 30331",-84.49621904,33.67303101,TRUE,11,R
LGB-105503-2020,CARNICERIA RAMIREZ INC.,,Retail Trade,2025-02-12 11:08:36,424410,General Line Grocery Merchant Wholesalers,,2600,BOLTON,RD,NW,,ATLANTA,GA,30318,2600 BOLTON RD ATLANTA GA 30318,"2600 Bolton Rd NW, Atlanta, Georgia, 30318",-84.45002218,33.820623,FALSE,9,C
LGB-152699-2020,CARNICERIA Y TIENDA EL PRO #14,,Retail Trade,2025-02-11 15:05:16,424410,General Line Grocery Merchant Wholesalers,,1460,BOULEVARD,ST,NE,,ATLANTA,GA,30315,1460 BOULEVARD ST ATLANTA GA 30315,"1460 Boulevard SE, Atlanta, Georgia, 30315",-84.36831639,33.71436624,FALSE,1,W
LGB-054842-2020,CARNICERIA Y TIENDA EL PROGRES,,Retail Trade,2025-02-08 16:07:38,424410,General Line Grocery Merchant Wholesalers,,199,CLEVELAND,AVE,SW,,ATLANTA,GA,30315,199 CLEVELAND AVE ATLANTA GA 30315,"199 Cleveland Ave SW, Atlanta, Georgia, 30315",-84.39555397,33.68144544,TRUE,12,Z
LGB-188995-2020,CORNER CONVENIENCE STORE,,Retail Trade,2025-02-25 23:10:55,424410,General Line Grocery Merchant Wholesalers,,142,JOSEPH E LOWERY,BLVD,SW,,ATLANTA,GA,30314,142 JOSEPH E LOWERY BLVD ATLANTA GA 30314,"142 Joseph E Lowery Blvd SW, Atlanta, Georgia, 30314",-84.41731096,33.750889,FALSE,District 4,T
LGB-117018-2020,DAWA,,Retail Trade,2025-02-11 15:10:30,424410,General Line Grocery Merchant Wholesalers,,632,MCDONALD,ST,SE,,ATLANTA,GA,30312,632 MCDONALD ST ATLANTA GA 30312,"632 McDonald St SE, Atlanta, Georgia, 30312",-84.36688602,33.74623101,FALSE,5,W
LGB-182989-2020,DIAMOND RDA INC,,Retail Trade,2025-02-15 18:46:20,424410,General Line Grocery Merchant Wholesalers,,325,RALPH D ABERNATHY,BLVD,SW,,ATLANTA,GA,30312,325 RALPH D ABERNATHY BLVD ATLANTA GA 30312,"325 Ralph David Abernathy Blvd SW, Atlanta, Georgia, 30312",-84.39860163,33.73724569,TRUE,District 4,V
LGB-064257-2020,DYAN'S FOOD-VARIETY SHOP,,Retail Trade,2025-01-21 3:16:26,424410,General Line Grocery Merchant Wholesalers,,213,HOWELL,DR,SE,,ATLANTA,GA,30317,213 HOWELL DR ATLANTA GA 30317,"213 Howell Dr SE, Atlanta, Georgia, 30316",-84.35118714,33.74798065,FALSE,5,N
LGB-149664-2020,ENDURANZ,,Retail Trade,2025-02-10 15:05:54,424410,General Line Grocery Merchant Wholesalers,,2914,LENOX,RD,NE,#13,ATLANTA,GA,30324,2914 LENOX RD ATLANTA GA 30324,"2914 Lenox Rd NE, Atlanta, Georgia, 30324",-84.35771496,33.834278,FALSE,7,B
LGB-175373-2020,FATHER AND SON SUPPERETTE,,Retail Trade,2025-02-28 23:05:42,424410,General Line Grocery Merchant Wholesalers,,1002,MARTIN,ST,SE,,ATLANTA,GA,30315,1002 MARTIN ST ATLANTA GA 30315,"1002 Martin St SE, Atlanta, Georgia, 30315",-84.38313208,33.72712086,TRUE,District 1,V
LGB-133980-2020,GLOBAL SENSE...A SMART STORE,,Retail Trade,2025-02-24 23:08:10,424410,General Line Grocery Merchant Wholesalers,,2841,GREENBRIAR,PKWY,SW,#N-448,ATLANTA,GA,30331,2841 GREENBRIAR PKWY ATLANTA GA 30331,"2841 Greenbriar Pkwy SW, Atlanta, Georgia, 30331",-84.49571939,33.68661803,TRUE,11,R
LGB-158438-2020,GREEN GROCERY STORE,,Retail Trade,2025-01-22 11:34:46,424410,General Line Grocery Merchant Wholesalers,,1143,JOSEPH E BOONE,BLVD,NW,,ATLANTA,GA,30314,1143 JOSEPH E BOONE BLVD ATLANTA GA 30314,"1143 Joseph E Boone Blvd NW, Atlanta, Georgia, 30314",-84.42487584,33.76355775,TRUE,3,K
LGB-188141-2020,JDS SUMMER HILL VARIETY DELI LLC,,Retail Trade,2025-02-01 15:35:23,424410,General Line Grocery Merchant Wholesalers,,559,MARTIN,ST,SE,,ATLANTA,GA,30312,559 MARTIN ST ATLANTA GA 30312,"559 Martin St SE, Atlanta, Georgia, 30312",-84.3843032,33.73934569,FALSE,District 1,V
LGB-002626-2020,JENKINS SUPERETTE,,Retail Trade,2025-01-30 15:04:41,424410,General Line Grocery Merchant Wholesalers,,2220,JONESBORO,RD,SE,,ATLANTA,GA,30315,2220 JONESBORO RD ATLANTA GA 30315,"2220 Jonesboro Rd SE, Atlanta, Georgia, 30315",-84.36674537,33.69365988,TRUE,1,Z
LGB-008430-2020,K H FOOD STORE ERIN CHANG ENTE,,Retail Trade,2025-01-28 9:06:53,424410,General Line Grocery Merchant Wholesalers,,2817,BANKHEAD,HWY,NW,,ATLANTA,GA,30318,2817 BANKHEAD HWY ATLANTA GA 30318,"2817 Bankhead Ave NW, Atlanta, Georgia, 30318",-84.48027943,33.78030751,TRUE,9,G
LGB-188832-2020,L & C FOOD MART,,Retail Trade,2025-04-01 18:34:17,424410,General Line Grocery Merchant Wholesalers,,1648,MEMORIAL,DR,SE,,ATLANTA,GA,30317,1648 MEMORIAL DR ATLANTA GA 30317,"1648 Memorial Dr SE, Atlanta, Georgia, 30317",-84.33359495,33.74782013,FALSE,District 5,O
LGB-164362-2020,L&L GROCERY STORE,,Retail Trade,2025-02-14 19:14:52,424410,General Line Grocery Merchant Wholesalers,,617,JOSEPH E BOONE,BLVD,NW,,ATLANTA,GA,30314,617 JOSEPH E BOONE BLVD ATLANTA GA 30314,"617 Joseph E Boone Blvd NW, Atlanta, Georgia, 30314",-84.40762224,33.76360171,TRUE,3,L
LGB-173164-2020,LAKEWOOD FOOD MART,,Retail Trade,2025-02-15 18:43:28,424410,General Line Grocery Merchant Wholesalers,,2808,LAKEWOOD,AVE,SW,STE B,ATLANTA,GA,30315,2808 LAKEWOOD AVE ATLANTA GA 30315,"2808 Lakewood Ave SW, Atlanta, Georgia, 30315",-84.41038491,33.69687027,TRUE,District 12,X
LGB-189253-2020,LUCKIE ST GROCERY,,Retail Trade,2025-01-24 15:03:46,424410,General Line Grocery Merchant Wholesalers,,388,LUCKIE,ST,NW,,ATLANTA,GA,30022,388 LUCKIE ST ATLANTA GA 30022,"388 Luckie St NW, Atlanta, Georgia, 30313",-84.39640465,33.76517113,FALSE,District 4,M
LGB-187468-2020,LUCKY 7 FOOD MART,,Retail Trade,2025-01-24 11:04:53,424410,General Line Grocery Merchant Wholesalers,,2610,METROPOLITAN,PKWY,SW,,ATLANTA,GA,30315,2610 METROPOLITAN PKWY ATLANTA GA 30315,"2610 Metropolitan Pkwy SW, Atlanta, Georgia, 30315",-84.40774202,33.683305,TRUE,District 12,X
LGB-189321-2020,MAMI GROCERY DELI,,Retail Trade,2025-01-22 11:35:09,424410,General Line Grocery Merchant Wholesalers,,322,GLENN,ST,SW,,ATLANTA,GA,30312,322 GLENN ST ATLANTA GA 30312,"322 Glenn St SW, Atlanta, Georgia, 30312",-84.3984599,33.73798879,TRUE,District 4,V
GBL-0924-33285,MIA FAMILY GROCERY STORE LLC,,Retail Trade,2025-01-22 11:34:00,424410,General Line Grocery Merchant Wholesalers,,875,METROPOLITAN,Parkway,SW,,ATLANTA,GA,30310,875 METROPOLITAN Parkway Atlanta GA 30310,"875 Metropolitan Pkwy SW, Atlanta, Georgia, 30310",-84.40828986,33.73104623,TRUE,12,V
LGB-188586-2020,MLK FOOD MART,,Retail Trade,2025-02-12 9:04:44,424410,General Line Grocery Merchant Wholesalers,,2460,MARTIN L KING JR,DR,SW,,ATLANTA,GA,30311,2460 MARTIN L KING JR DR ATLANTA GA 30311,"2460 Martin Luther King Jr Dr SW, Atlanta, Georgia, 30311",-84.46762736,33.751918,FALSE,District 10,I
LGB-172138-2020,NORWOOD T & R,,Retail Trade,2025-02-13 17:05:02,424410,General Line Grocery Merchant Wholesalers,,878,NORWOOD,RD,SE,,ATLANTA,GA,30315,878 NORWOOD RD ATLANTA GA 30315,"878 Norwood Rd SE, Atlanta, Georgia, 30315",-84.36083923,33.69720027,TRUE,District 1,Z
LGB-187044-2020,PEACH MART,,Retail Trade,2025-02-14 15:08:37,424410,General Line Grocery Merchant Wholesalers,,218,PEACHTREE,ST,NW,,ATLANTA,GA,30303,218 PEACHTREE ST ATLANTA GA 30303,"218 Peachtree St, Atlanta, Georgia, 30303",-84.38798394,33.75992306,FALSE,District 2,M
LGB-162384-2020,PIGGLY WIGGLY,,Retail Trade,2025-05-21 23:05:18,424410,General Line Grocery Merchant Wholesalers,,1257,MORELAND,AVE,SE,,ATLANTA,GA,30316,1257 MORELAND AVE ATLANTA GA 30316,"1257 Moreland Ave SE, Atlanta, Georgia, 30316",-84.35031089,33.72011627,FALSE,District 1,W
LGB-187525-2020,PUBLIX SUPER MARKET #1647,,Retail Trade,2025-01-16 17:18:45,424410,General Line Grocery Merchant Wholesalers,,905,MEMORIAL,DR,SE,,ATLANTA,GA,30316,905 MEMORIAL DR ATLANTA GA 30316,"905 Memorial Dr SE, Atlanta, Georgia, 30316",-84.3569046,33.74557039,FALSE,District 5,N
LGB-117118-2020,PUBLIX SUPER MARKETS #1010,,Retail Trade,2025-01-16 17:10:37,424410,General Line Grocery Merchant Wholesalers,,1380,ATLANTIC,DR,NW,STE 14135,ATLANTA,GA,30363,1380 ATLANTIC DR ATLANTA GA 30363,"1380 Atlantic Dr NW, Atlanta, Georgia, 30363",-84.39792203,33.79287802,FALSE,3,E
LGB-123075-2020,PUBLIX SUPER MARKETS #1044,,Retail Trade,2025-01-16 17:18:27,424410,General Line Grocery Merchant Wholesalers,,2325,CHESHIRE BRIDGE,RD,NE,,ATLANTA,GA,30324,2325 CHESHIRE BRIDGE RD ATLANTA GA 30324,"2325 Cheshire Bridge Rd NE, Atlanta, Georgia, 30324",-84.3521099,33.81899712,FALSE,6,F
LGB-040972-2020,PUBLIX SUPER MARKETS #282,,Retail Trade,2025-01-16 15:15:15,424410,General Line Grocery Merchant Wholesalers,,2900,PEACHTREE,RD,NW,,ATLANTA,GA,30305,2900 PEACHTREE RD ATLANTA GA 30305,"2900 Peachtree Rd NW, Atlanta, Georgia, 30305",-84.383838,33.83461445,FALSE,8,B
LGB-063322-2020,PUBLIX SUPER MARKETS #599,,Retail Trade,2025-01-16 16:20:36,424410,General Line Grocery Merchant Wholesalers,,1544,PIEDMONT,RD,NE,,ATLANTA,GA,30324,1544 PIEDMONT RD ATLANTA GA 30324,"1544 Piedmont Ave NE, Atlanta, Georgia, 30324",-84.37126976,33.7981895,FALSE,6,F
LGB-079895-2020,PUBLIX SUPER MARKETS #664,,Retail Trade,2025-01-16 15:18:21,424410,General Line Grocery Merchant Wholesalers,,3535,PEACHTREE,RD,NE,,ATLANTA,GA,30326,3535 PEACHTREE RD ATLANTA GA 30326,"3535 Peachtree Rd NE, Atlanta, Georgia, 30326",-84.35977574,33.8510136,FALSE,7,B
LGB-088117-2020,PUBLIX SUPER MARKETS #724,,Retail Trade,2025-01-16 17:05:13,424410,General Line Grocery Merchant Wholesalers,,1001,PONCE DE LEON,AVE,NE,,ATLANTA,GA,30306,1001 PONCE DE LEON AVE ATLANTA GA 30306,"1001 Ponce de Leon Ave NE, Atlanta, Georgia, 30306",-84.35426899,33.77307502,FALSE,2,N
LGB-129170-2020,PUBLIX SUPER MARKETS INC #1119,,Retail Trade,2025-01-16 17:12:52,424410,General Line Grocery Merchant Wholesalers,,2020,HOWELL MILL,RD,NW,,ATLANTA,GA,30318,2020 HOWELL MILL RD ATLANTA GA 30318,"2020 Howell Mill Rd NW, Atlanta, Georgia, 30318",-84.41445014,33.81029959,FALSE,8,C
LGB-178485-2020,PUBLIX SUPER MARKETS INC #1226,,Retail Trade,2025-01-16 17:17:26,424410,General Line Grocery Merchant Wholesalers,,2275,MARIETTA,BLVD,NW,,ATLANTA,GA,30318,2275 MARIETTA BLVD ATLANTA GA 30318,"2275 Marietta Blvd, Atlanta, Georgia, 30318",-84.46431628,33.80589517,TRUE,District 9,G
LGB-089356-2020,"PUBLIX SUPER MARKETS, #776",,Retail Trade,2025-01-16 17:19:04,424410,General Line Grocery Merchant Wholesalers,,595,PIEDMONT,RD,NE,,ATLANTA,GA,30308,595 PIEDMONT RD ATLANTA GA 30308,"595 Piedmont Ave NE, Atlanta, Georgia, 30308",-84.38130994,33.77043199,FALSE,2,M
LGB-177847-2020,PURE FOOD MART,,Retail Trade,2025-01-28 9:05:58,424410,General Line Grocery Merchant Wholesalers,,3015,JONESBORO,RD,SE,,ATLANTA,GA,30354,3015 JONESBORO RD ATLANTA GA 30354,"3015 Jonesboro Rd SE, Atlanta, Georgia, 30354",-84.37253065,33.67221118,TRUE,District 12,Z
LGB-175349-2020,RENZO RODRIQUEZ/RSR GROCERY ST,,Retail Trade,2025-08-08 23:05:57,424410,General Line Grocery Merchant Wholesalers,,2535,CENTER,ST,NW,,ATLANTA,GA,30318,2535 CENTER ST ATLANTA GA 30318,"2535 Center St NW, Atlanta, Georgia, 30318",-84.47120694,33.79031001,TRUE,District 9,G
LGB-163783-2020,SEAN 'S HARVEST MARKET,,Retail Trade,2025-02-16 18:37:07,424410,General Line Grocery Merchant Wholesalers,,500,AMSTERDAM,AVE,NE,#D2,ATLANTA,GA,30306,500 AMSTERDAM AVE ATLANTA GA 30306,"500 Amsterdam Ave NE, Atlanta, Georgia, 30306",-84.36990099,33.78841801,FALSE,6,F
LGB-003850-2020,SEVANANDA NATURAL FOODS MARKET,,Retail Trade,2025-02-11 17:23:24,424410,General Line Grocery Merchant Wholesalers,,467,MORELAND,AVE,NE,,ATLANTA,GA,30307,467 MORELAND AVE ATLANTA GA 30307,"467 Moreland Ave NE, Atlanta, Georgia, 30307",-84.34847702,33.76699499,FALSE,2,N
LGB-181479-2020,SR FOOD & MEAT MART,,Retail Trade,2025-02-06 8:54:08,424410,General Line Grocery Merchant Wholesalers,,2521,DONALD L HOLLOWELL,PKWY,NW,,ATLANTA,GA,30318,2521 DONALD L HOLLOWELL PKWY ATLANTA GA 30318,"2521 Donald Lee Hollowell Pkwy NW, Atlanta, Georgia, 30318",-84.46843211,33.77599012,TRUE,District 9,J
LGB-098916-2020,WHOLE FOODS MARKET,,Retail Trade,2025-02-11 13:08:11,424410,General Line Grocery Merchant Wholesalers,,650,PONCE DE LEON,AVE,NE,,ATLANTA,GA,30308,650 PONCE DE LEON AVE ATLANTA GA 30308,"650 Ponce de Leon Ave NE, Atlanta, Georgia, 30308",-84.36585597,33.77406999,FALSE,6,E
LGB-056308-2019,BUY LOW SUPERMARKET,,Wholesale Trade,2025-01-22 17:04:59,424410,General Line Grocery Merchant Wholesalers,,820,JAMES JACKSON,PKWY,NW,,ATLANTA,GA,30318,820 JAMES JACKSON PKWY ATLANTA GA 30318,"820 James Jackson Pkwy NW, Atlanta, Georgia, 30318",-84.47508684,33.77772727,TRUE,9,G
GBL-0422-12617,Frazie's Meat & Market,,Retail Trade,2025-01-22 15:04:25,445210,Meat Markets,,2030,Main,ST,NW,R-204,ATLANTA,GA,30318,2030 Main ST Atlanta GA 30318,"2030 Main St NW, Atlanta, Georgia, 30318",-84.47188067,33.81115371,FALSE,9,D
GBL-0824-32369,BROTHERS INVESTMENT 2024 LLC,CONLEY FOOD MART,Retail Trade,2025-02-12 9:06:51,445110,Supermarkets and Other Grocery (except Convenience) Stores,,807,CONLEY,Road,SE,,ATLANTA,GA,,807 CONLEY Road Atlanta GA nan,"807 Conley Rd SE, Atlanta, Georgia, 30354",-84.36338532,33.64838063,TRUE,12,Z
GBL-0522-13828,"HANK AARON GROCERY, LLC",HANK AARON GROCERY,Retail Trade,2025-02-04 10:06:48,445110,Supermarkets and Other Grocery (except Convenience) Stores,SE,834 HANK AARON DRIVE,,,,,ATLANTA,GA,30315,834 HANK AARON DRIVE nan nan ATLANTA GA 30315,"834 Hank Aaron Dr SE, Atlanta, Georgia, 30315",-84.3876552,33.7320386,FALSE,1,V
LGB-013898-2020,MORGAN'S GROCERY,MORGAN'S GROCERY,Retail Trade,2025-02-03 13:35:01,445110,Supermarkets and Other Grocery (except Convenience) Stores,,568,ENGLISH,AVE,NW,,ATLANTA,GA,30318,568 ENGLISH AVE ATLANTA GA 30318,"568 English Ave NW, Atlanta, Georgia, 30318",-84.41361262,33.77025216,TRUE,3,L
GBL-0622-14209,NEIGHBORHOOD 2070 INC,NEIGHBORHOOD GROCERY,Retail Trade,2025-01-29 9:35:37,445110,Supermarkets and Other Grocery (except Convenience) Stores,,2070 ALISON CT SW,,,,,ATLANTA,GA,30311,2070 ALISON CT SW nan nan ATLANTA GA 30311,"2070 Alison Ct SW, Atlanta, Georgia, 30311",-84.45647164,33.70038514,TRUE,11,R
GBL-0722-15034,"Midtown Pantry, LLC",O4W Town Pantry,Retail Trade,2025-02-14 11:06:33,445110,Supermarkets and Other Grocery (except Convenience) Stores,,536 Decatur,,ST,SE,,ATLANTA,GA,30312,536 Decatur nan ST Atlanta GA 30312,"536 Decatur St SE, Atlanta, Georgia, 30312",-84.37012739,33.75209164,FALSE,2,M
GBL-0323-19981,"Publix Super Markets, Inc.","Publix Super Markets, Inc. #1825",Retail Trade,2025-01-16 17:18:38,445110,Supermarkets and Other Grocery (except Convenience) Stores,,572 Hank Aaron,,DR,SE,,ATLANTA,GA,303122896,572 Hank Aaron nan DR Atlanta GA 303122896,"572 Hank Aaron Dr SE, Atlanta, Georgia, 30312",-84.38706218,33.73885104,FALSE,1,V
GBL-0724-31960,"Publix Super Markets, Inc.","Publix Super Markets, Inc. #1867",Retail Trade,2025-01-21 15:31:53,445110,Supermarkets and Other Grocery (except Convenience) Stores,,3330 Piedmont,,RD,NE,Suite 16,ATLANTA,GA,30305,3330 Piedmont nan RD Atlanta GA 30305,"3330 Piedmont Rd NE, Atlanta, Georgia, 30305",-84.37397217,33.84615025,FALSE,7,B
GBL-0721-04703,"MSTD Management, LLC",Savi Provisions Inman Park,Retail Trade,2025-03-29 1:04:27,445110,Supermarkets and Other Grocery (except Convenience) Stores,,287,ELIZABETH,ST,NE,,ATLANTA,GA,,287 ELIZABETH ST Atlanta GA nan,"287 Elizabeth St NE, Atlanta, Georgia, 30307",-84.35781915,33.76234036,FALSE,District 2,N
LGB-117212-2020,"WHOLE FOODS  MARKET GROUP, INC",WHOLE FOODS MARKET,Retail Trade,2025-02-11 13:06:12,445110,Supermarkets and Other Grocery (except Convenience) Stores,,77,W PACES FERRY,RD,NW,STE A,ATLANTA,GA,30305,77 W PACES FERRY RD ATLANTA GA 30305,"77 W Paces Ferry Rd NW, Atlanta, Georgia, 30305",-84.3819286,33.84063861,FALSE,8,B
GBL-0625-41075,Mawa African market LLC,,Accommodation and Food Services,2025-07-01 10:32:59,445110,Supermarkets and Other Grocery (except Convenience) Stores,,1830,Piedmont,AVE,NE,Suite G,ATLANTA,GA,30324,1830 Piedmont AVE Atlanta GA 30324,"1830 Piedmont Ave NE, Atlanta, Georgia, 30324",-84.367845,33.805739,FALSE,District 6,F
GBL-0322-10990,12 Hours LLC,,Retail Trade,2025-02-15 19:07:22,445110,Supermarkets and Other Grocery (except Convenience) Stores,,387 Cleveland Ave Sw,STE 2,,,,ATLANTA,GA,30315,387 Cleveland Ave Sw STE 2 nan Atlanta GA 30315,"387 Cleveland Ave SW, Suite 2, Atlanta, Georgia, 30315",-84.4021543,33.681607,TRUE,12,X
GBL-1023-23851,MD STORE LLC,,Retail Trade,2025-02-13 9:13:20,445110,Supermarkets and Other Grocery (except Convenience) Stores,SW,812 RALPH DAVID ABERNATHY,,BLVD,SW,,ATLANTA,GA,30310,812 RALPH DAVID ABERNATHY  nan BLVD ATLANTA GA 30310,"812 Ralph David Abernathy Blvd SW, Atlanta, Georgia, 30310",-84.41442482,33.73805186,FALSE,4,T
GBL-0222-09794,"Simply Organic Market, Inc.",,Retail Trade,2025-02-13 16:03:58,445110,Supermarkets and Other Grocery (except Convenience) Stores,,759 Dill Avenue,,,,,ATLANTA,GA,30310,759 Dill Avenue nan nan Atlanta GA 30310,"759 Dill Ave SW, Atlanta, Georgia, 30310",-84.41266697,33.71843301,TRUE,12,X
GBL-0721-04703,"MSTD Management, LLC",Savi Provisions Inman Park,Retail Trade,2025-03-29 01:04:27,445110,Supermarkets and Other Grocery (except Convenience) Stores ,,287,ELIZABETH,ST,NE,,ATLANTA,GA,,287 ELIZABETH ST Atlanta GA nan,"287 Elizabeth St NE, Atlanta, Georgia, 30307",-84.35781915,33.76234036,FALSE,District 2,N